id;degree;grade;from_date;to_date;description;activities
1;Borders Borders Practical;methodical;2019-11-13;2019-11-13;ivory Data neural;Unbranded
2;Associate Designer;mindshare;2019-11-13;2019-11-13;bandwidth Liaison;program Auto Loan Account Refined
3;infomediaries;Fantastic Fresh Salad;2019-11-13;2019-11-13;Avon;Planner
4;PCI SAS;Interactions;2019-11-12;2019-11-13;dynamic bandwidth Buckinghamshire;Oklahoma communities
5;array supply-chains Advanced;Parkway Handmade Wooden Cheese;2019-11-13;2019-11-13;input Naira;Markets
6;Glen Refined;Mandatory Assistant;2019-11-13;2019-11-12;Arizona success Sleek Frozen Chips;Gorgeous Rubber Chicken Associate Central African Republic
7;magenta heuristic;Credit Card Account Maryland Le;2019-11-13;2019-11-12;Usability;Regional
8;Generic B2B;olive;2019-11-13;2019-11-13;Persevering analyzing;Engineer Architect
9;Beauty dynamic schemas;Pound Sterling Keyboard;2019-11-12;2019-11-13;Usability models New Mexico;markets Accountability EXE
10;Chair;drive online;2019-11-12;2019-11-12;engage;disintermediate Assistant generating
